x-box,y-box,ancho,alto,onpix,x-bar,y-bar,x2bar,y2bar,xybar,x2ybr,xy2br,x-ege,xegvy,y-ege,yegvx,letra
326,268,53,51,814,-10.5,36.34375,1651.84375,3097.78125,-3.38159179688,-1472.0625,12999.34375,88,2741,90,2663,A
262,268,49,52,667,-4.328125,27.890625,1324.734375,1994.421875,0.563720703125,-5738.453125,10881.984375,87,2629,61,1861,A
184,261,61,58,1359,39.46875,70.421875,3196.875,3883.359375,7.4189453125,4438.59375,19249.515625,73,2117,62,1854,A
392,259,55,60,892,-12.25,42.171875,2083.3125,2539.046875,-0.060791015625,-6723.53125,13493.421875,82,2404,66,1987,A
105,257,57,63,1260,-1.671875,45.765625,3260.953125,3499.265625,-0.210693359375,-893.328125,12603.765625,81,2413,65,2008,A
348,168,49,58,1251,-13.375,26.0625,2750.03125,3570.59375,0.9296875,-5401.1875,6112.96875,81,2394,60,1819,A
267,165,61,63,589,20.4375,21.953125,1771.34375,1522.859375,3.62744140625,4915.125,6830.078125,88,2691,70,2216,A
442,164,44,60,1432,25.96875,19.609375,3277.875,4167.078125,3.5859375,4728.09375,7816.140625,78,2334,53,1652,A
185,164,64,63,751,6.65625,33.53125,1897.28125,1957.25,0.6044921875,482.71875,8324.5,88,2647,67,2069,A
106,163,60,63,948,50.765625,38.34375,3023.984375,2605.34375,10.5844726562,12464.390625,11854.59375,89,2657,74,2204,A
397,87,49,59,811,40.5625,7.546875,2328.125,2043.234375,20.5368652344,6500.3125,1430.109375,89,2662,80,2555,A
340,87,42,58,1275,-2.25,59.96875,2665.03125,3580.75,0.725830078125,-2671.03125,17458.375,75,2172,59,1870,A
175,87,64,74,721,72.09375,-2.15625,2849.375,1546.0625,21.1000976562,31140.75,-878.4375,78,2531,75,2479,A
98,86,54,60,1036,87.234375,41.96875,2822.640625,2626.59375,17.9611816406,20157.328125,12343.28125,75,2158,59,1920,A
262,84,53,62,1076,41.515625,36.390625,2745.265625,2753.546875,6.67407226562,9848.703125,11707.328125,82,2392,61,1921,A
341,15,59,53,527,22.203125,7.265625,1362.078125,1192.203125,1.90454101562,4581.921875,1080.515625,85,2613,77,2601,A
266,10,57,56,709,73.046875,34.09375,2162.203125,2095.71875,11.6359863281,22005.203125,12818.40625,88,2650,102,3540,A
109,5,54,60,1164,59.28125,-10.59375,3822.34375,3192.28125,19.5964355469,18136.625,-4650.1875,89,2697,77,2552,A
421,3,67,64,728,25.859375,43.84375,1911.890625,2027.53125,5.658203125,6782.796875,13015.375,86,2543,70,2221,A
176,0,76,72,901,40.90625,19.9375,2566.15625,2270.1875,-3.40649414062,13444.25,-2994.21875,87,2793,79,2536,A
321,268,46,51,993,9.765625,3.953125,2895.609375,3960.703125,-2.603515625,6075.484375,2882.828125,83,2651,115,3656,B
259,268,40,51,1024,16.484375,-5.40625,2316.484375,3629.75,-3.58862304688,9232.203125,-2683.84375,86,2746,95,3123,B
185,261,54,66,1742,-1.640625,-33.703125,4864.734375,5919.546875,17.5405273438,3180.609375,-14126.859375,85,2728,98,3152,B
387,259,42,60,1406,-31.828125,-6.5625,4134.140625,5013.09375,-0.916259765625,-9062.578125,-4840.59375,84,2691,98,3198,B
108,258,53,61,1751,-49.859375,2.75,6013.859375,6331.5625,-3.2568359375,-27170.703125,1412.5625,78,2492,100,3218,B
332,168,41,57,1730,-43.453125,2.0,4432.203125,6068.0,-3.59252929688,-16509.234375,1497.96875,76,2412,81,2575,B
271,165,39,61,971,-57.8125,-6.21875,2865.65625,3316.53125,-3.28784179688,-22095.8125,-485.84375,93,2948,102,3069,B
190,164,52,65,1312,2.125,-26.375,4501.78125,5113.15625,9.23388671875,242.59375,-12160.8125,100,3107,116,3796,B
109,163,58,65,1237,26.125,-25.796875,3585.75,4576.734375,1.65869140625,17773.5625,-7574.359375,106,3509,120,3942,B
418,159,37,65,1683,-25.25,12.84375,3833.4375,5931.0625,4.12768554688,-7632.59375,3547.5,85,2766,76,2451,B
341,88,42,57,1590,-34.34375,-12.734375,4102.59375,5182.015625,-1.90258789062,-10654.90625,-4055.234375,76,2406,99,3143,B
400,87,48,59,917,6.125,-10.078125,1993.34375,3327.703125,21.8754882812,-1309.28125,-2216.953125,89,2843,109,3467,B
182,87,65,59,1190,98.53125,-43.171875,3218.71875,4318.703125,4.13110351562,35986.125,-15923.015625,91,2890,117,4027,B
102,87,54,59,1278,24.015625,-16.90625,2982.765625,4245.25,29.87109375,7537.515625,-7882.25,77,2419,93,3064,B
273,81,47,66,1498,-66.25,16.625,4399.84375,5438.875,0.1064453125,-31083.90625,1371.59375,84,2721,101,3169,B
319,16,56,50,733,-10.328125,-18.15625,1690.765625,2446.21875,-11.2932128906,1327.015625,-9467.96875,82,2572,129,4168,B
253,11,53,53,908,15.5625,-2.34375,2389.28125,2996.84375,18.7868652344,4086.1875,1490.4375,89,2854,120,3922,B
109,6,54,61,1215,-12.984375,-16.65625,2924.734375,4162.1875,22.3383789062,-2837.015625,-7523.21875,82,2636,109,3535,B
402,4,55,64,1113,-12.375,-12.59375,3647.875,3927.625,3.4970703125,-9250.59375,-4444.25,95,2984,111,3684,B
170,0,61,74,1283,24.125,-50.375,3410.03125,5764.65625,-7.68432617188,17195.09375,-35371.8125,104,3512,98,3203,B
259,268,42,52,701,-51.078125,1.703125,2335.703125,2932.453125,4.61059570312,-13139.609375,-583.015625,66,2213,82,2681,C
323,267,45,53,703,-24.59375,-7.171875,2479.375,3190.671875,0.6689453125,-9680.84375,-3293.953125,70,2326,86,2744,C
187,261,51,58,1582,13.484375,16.265625,4395.953125,4786.484375,23.0676269531,6449.703125,6089.390625,87,2796,87,3026,C
386,258,50,61,907,-48.03125,10.3125,3006.4375,4195.8125,1.2392578125,-14137.90625,3372.84375,55,1727,88,2923,C
106,257,56,63,1289,-17.125,1.640625,4409.5625,4945.078125,-0.707763671875,-1692.4375,818.765625,74,2363,89,3006,C
331,168,37,58,1072,-40.796875,-41.203125,2157.890625,3924.203125,-4.13671875,-7905.671875,-21434.765625,53,1727,69,2308,C
261,166,49,62,588,-31.28125,3.5,2191.5625,2865.6875,1.81689453125,-10204.84375,-1350.8125,56,1850,91,2968,C
110,163,55,63,812,-59.1875,26.609375,2913.28125,3627.390625,9.83203125,-18348.6875,8050.109375,67,2135,88,2874,C
185,162,55,66,825,-41.625,5.765625,2889.71875,3826.203125,21.8239746094,-14623.21875,5422.734375,73,2390,85,2643,C
415,160,47,65,1058,-36.234375,12.015625,3592.859375,4388.078125,-0.1943359375,-8038.359375,3684.484375,82,2631,82,2739,C
390,87,45,59,718,-15.453125,-3.703125,2083.609375,2645.796875,23.0092773438,-6797.890625,1193.203125,86,2764,89,2864,C
332,87,38,58,1207,-20.703125,22.453125,2780.109375,4350.015625,5.82690429688,-5336.234375,9619.828125,73,2292,72,2364,C
181,87,59,59,897,-31.59375,20.59375,3060.3125,4225.03125,13.5712890625,-8211.5625,3549.8125,57,1791,92,3057,C
105,86,53,60,1011,-22.171875,-10.46875,3090.703125,3344.96875,30.1791992188,-3948.796875,784.25,81,2643,82,2644,C
262,82,49,64,939,-29.828125,10.734375,2963.265625,3940.359375,14.6069335938,-7535.359375,4493.015625,63,1986,85,2797,C
329,17,49,49,538,-40.65625,4.390625,1780.4375,2219.171875,0.5400390625,-17500.84375,1216.390625,78,2490,83,2454,C
262,8,57,58,543,-44.828125,13.71875,2080.890625,2081.78125,21.8127441406,-16903.515625,7331.46875,73,2357,82,2433,C
111,6,47,58,948,-32.9375,26.25,2680.5,3885.03125,16.6459960938,-10235.65625,9065.34375,62,1955,85,2759,C
401,3,65,65,858,-46.15625,18.9375,3028.28125,3620.96875,11.587890625,-23177.65625,7348.59375,85,2675,93,2859,C
177,0,63,73,856,-63.578125,9.859375,3257.359375,4520.359375,-2.666015625,-27283.796875,4024.328125,66,2070,91,2921,C
333,268,45,51,822,-1.9375,-1.03125,2861.125,3659.40625,0.1962890625,5196.78125,-499.125,88,2816,83,2525,D
262,268,46,52,862,10.75,-14.625,2801.8125,3227.1875,1.34057617188,12406.375,-6730.59375,91,2933,77,2422,D
187,260,57,59,1706,-31.046875,-32.265625,5122.578125,5849.390625,13.9533691406,-6679.421875,-9684.203125,86,2746,79,2269,D
397,259,54,60,1165,-31.484375,-3.03125,4570.296875,4751.9375,0.90283203125,-13534.484375,-2582.1875,89,2867,81,2519,D
108,258,55,61,1584,-62.375,-0.734375,6211.59375,6045.953125,-1.15893554688,-34359.5,-291.359375,84,2688,75,2300,D
352,167,43,58,1512,-49.03125,31.4375,4357.46875,5211.0625,-5.95288085938,-16394.4375,17247.96875,84,2696,66,1987,D
282,166,47,61,802,-51.296875,-20.796875,3505.265625,2997.203125,6.68017578125,-21845.078125,-9718.484375,93,2997,80,2472,D
196,165,59,63,1023,-39.28125,-36.953125,4099.8125,3907.640625,10.96484375,-12038.90625,-22295.921875,87,2838,88,2675,D
109,163,68,65,1003,-6.296875,-34.75,3779.703125,4181.8125,7.33129882812,9280.765625,-12311.5,105,3506,98,2942,D
441,159,42,67,1514,-70.1875,25.28125,4696.125,5452.53125,1.5869140625,-28646.40625,11548.75,86,2719,67,2012,D
414,88,47,59,829,-5.984375,-11.859375,2265.171875,2979.671875,22.0209960938,439.984375,-5665.171875,94,3008,86,2591,D
354,86,40,59,1390,-85.25,3.765625,3919.75,4457.859375,-3.3837890625,-28875.03125,1186.890625,81,2577,65,1993,D
186,86,67,62,1061,65.296875,-51.453125,2856.390625,3904.859375,4.94653320312,32871.046875,-17959.484375,85,2678,89,2833,D
102,86,59,60,1145,4.875,-28.359375,3134.34375,3742.421875,35.0859375,5638.5,-12696.140625,84,2721,78,2461,D
278,81,52,67,1239,-66.5,33.203125,4778.0,4706.109375,-9.90014648438,-28940.28125,22173.109375,89,2794,79,2425,D
344,18,51,48,662,-22.765625,-19.484375,1988.484375,2075.203125,-6.87866210938,-1199.046875,-10125.640625,82,2700,88,2755,D
273,12,58,54,762,1.53125,-14.296875,2645.09375,2681.078125,22.1923828125,5669.0,-6113.578125,92,2981,94,2863,D
423,6,60,59,1111,-63.046875,-46.625,4499.328125,4351.28125,11.4736328125,-24347.953125,-25714.53125,85,2778,91,2792,D
106,5,59,60,1098,25.59375,4.109375,2886.09375,4144.578125,15.4587402344,20710.21875,-399.203125,84,2721,84,2670,D
184,0,67,75,1131,-34.625,-23.25,5107.4375,4997.6875,-0.047119140625,-9180.59375,-16905.1875,94,3100,90,2779,D
313,268,45,51,988,-10.03125,6.203125,2810.75,4396.078125,-3.13110351562,4795.03125,2298.015625,85,2700,104,3233,E
253,268,39,52,818,-19.875,-4.078125,1671.46875,3374.078125,-3.82543945312,1002.5625,-2295.984375,65,2059,93,3088,E
182,261,51,58,1650,17.265625,33.328125,4278.078125,4731.140625,21.1572265625,7997.828125,9012.796875,77,2552,102,3653,E
380,258,39,61,1151,-87.34375,-6.484375,3260.5,5047.921875,1.32373046875,-25389.4375,1449.359375,55,1746,105,3471,E
108,258,50,61,1556,-107.046875,-3.234375,5188.765625,6547.328125,-2.16625976562,-39854.328125,1105.453125,51,1632,116,4017,E
320,168,40,57,1376,-63.46875,9.6875,2829.6875,5645.4375,-4.65673828125,-11576.4375,5462.1875,51,1632,92,3048,E
258,167,40,59,762,-84.625,0.625,2709.34375,3616.8125,-3.32177734375,-28653.4375,533.59375,58,1797,110,3509,E
180,164,53,63,1043,-60.5625,5.6875,2885.3125,4325.65625,12.17578125,-19092.0,3576.8125,57,1779,115,3722,E
110,163,55,63,949,-85.875,-17.375,2206.21875,4040.03125,3.77978515625,-19765.78125,-8013.78125,58,1875,110,3258,E
407,157,44,68,1400,-146.546875,-30.359375,4094.453125,6266.265625,8.076171875,-48189.203125,-8787.921875,53,1696,91,2833,E
379,87,53,57,627,-34.5625,-18.8125,1499.78125,2484.34375,21.1857910156,-8975.96875,-10007.40625,55,1715,85,2541,E
321,87,40,58,1382,-66.390625,27.59375,3145.859375,5526.78125,1.07202148438,-15441.671875,5329.625,54,1711,98,3344,E
177,85,51,61,1023,12.265625,29.34375,2662.703125,3813.09375,24.4169921875,-84.015625,15552.09375,58,1888,101,3487,E
102,85,59,61,938,-54.65625,-6.8125,2089.25,3330.90625,27.1586914062,-14126.90625,-3725.125,56,1763,86,2691,E
252,80,48,68,1261,-102.609375,-16.140625,4137.734375,5909.109375,1.74926757812,-41540.765625,-6022.984375,58,1883,117,3740,E
326,16,45,50,714,-48.75,-24.40625,2183.03125,2556.53125,-0.36865234375,-16705.5,-12523.71875,63,1863,127,4081,E
249,8,65,59,661,-6.515625,2.265625,1532.796875,2256.234375,17.5512695312,-279.703125,2146.796875,90,2762,108,3400,E
110,5,56,62,995,-72.859375,-4.96875,2411.765625,3679.75,20.2761230469,-20614.984375,-6335.15625,66,2075,105,3250,E
396,3,59,63,1089,-67.515625,-4.625,3520.703125,4225.875,11.3740234375,-23668.328125,-2383.53125,61,1931,118,3817,E
175,0,59,71,1035,-54.40625,12.125,2702.125,5243.96875,-3.84375,-10221.59375,5745.40625,63,1985,113,3548,E
301,268,45,51,835,-42.765625,-44.546875,2054.984375,3632.359375,10.5031738281,-5243.640625,-17574.390625,72,2453,88,2531,F
240,268,38,51,708,-33.625,-53.21875,1322.40625,2527.71875,5.38403320312,-1508.59375,-23600.78125,58,1963,68,2178,F
178,261,44,58,1381,-38.375,-54.109375,2694.71875,4377.453125,20.2434082031,-5365.0625,-26565.765625,51,1632,72,2331,F
366,258,39,61,990,-106.203125,-63.796875,3005.453125,3668.953125,9.47338867188,-29734.109375,-30280.640625,54,1767,76,2400,F
108,258,46,62,1272,-134.0625,-99.765625,4114.8125,4395.546875,8.08374023438,-43639.96875,-44660.921875,51,1632,75,2479,F
312,168,37,57,1204,-73.046875,-69.875,2268.453125,4235.03125,9.79248046875,-10691.640625,-31068.3125,51,1632,67,2157,F
252,166,41,60,620,-96.359375,-57.015625,2373.984375,2509.984375,2.19311523438,-31631.703125,-26620.703125,54,1778,74,2230,F
181,164,49,64,815,-89.109375,-59.140625,2837.703125,2844.328125,11.5451660156,-30042.609375,-29794.765625,55,1785,82,2598,F
113,163,55,72,770,-105.75,-61.265625,2316.65625,3042.609375,5.51782226562,-29443.59375,-30801.046875,57,1889,89,2445,F
395,158,45,67,1135,-148.828125,-92.84375,3497.015625,4573.40625,7.64575195312,-46096.171875,-45499.71875,53,1696,69,2040,F
409,87,53,57,509,-25.0,-44.453125,1338.9375,1874.984375,17.2231445312,-7489.75,-19525.328125,52,1670,63,1975,F
353,87,39,58,1111,-88.03125,-67.21875,2625.875,3723.75,10.5935058594,-19062.84375,-32421.1875,53,1706,70,2291,F
179,86,82,76,1084,24.828125,-84.015625,3456.609375,4686.640625,12.0515136719,6302.140625,-40332.484375,82,2642,122,3816,F
102,86,61,60,772,-39.046875,-52.328125,1809.984375,2490.328125,22.2053222656,-12037.828125,-22044.484375,52,1670,68,2183,F
286,81,46,67,1045,-121.109375,-114.59375,3767.171875,4027.5625,4.36962890625,-45353.984375,-51188.5625,57,1894,79,2561,F
304,17,46,51,620,-51.6875,-78.59375,1612.875,2202.53125,-1.123046875,-10529.1875,-34468.8125,52,1696,90,2816,F
235,7,65,59,547,-9.3125,-14.90625,1371.0625,1695.5,18.861328125,260.96875,-1421.90625,75,2511,85,2649,F
111,5,53,63,773,-73.859375,-52.609375,2266.609375,2426.171875,15.095703125,-23432.609375,-25127.640625,56,1840,74,2282,F
374,3,49,65,890,-89.4375,-66.390625,3016.1875,3214.953125,13.4946289062,-31010.15625,-34495.421875,58,1866,81,2584,F
168,2,56,70,850,-47.40625,-100.96875,1746.65625,3695.6875,2.2197265625,-6101.875,-49362.375,56,1838,78,2505,F
263,268,42,52,839,-12.765625,27.375,2951.203125,3172.375,-2.04467773438,-1899.859375,4202.4375,76,2393,91,3041,G
328,267,47,53,809,-14.84375,7.578125,2746.65625,3212.859375,-1.72875976562,-11869.71875,-763.703125,77,2442,101,3231,G
190,261,52,69,1630,17.0,22.515625,4301.9375,5246.546875,17.0339355469,7377.6875,6421.796875,85,2735,99,3241,G
392,258,56,62,929,-27.0,37.203125,3655.5625,3768.109375,-7.90625,-8376.28125,11776.578125,73,2165,86,2698,G
106,257,59,63,1458,9.09375,13.375,5135.6875,5138.46875,-3.56665039062,3817.3125,2192.3125,78,2469,103,3507,G
342,168,44,58,1369,1.921875,20.203125,3770.765625,4694.921875,-17.712890625,253.078125,-464.015625,72,2212,85,2822,G
267,166,54,60,709,-3.765625,27.765625,2652.046875,3449.890625,-0.57080078125,-2629.046875,5800.796875,75,2244,92,2929,G
110,163,57,71,969,12.953125,9.1875,3246.546875,3106.6875,2.93383789062,-676.578125,-9523.59375,85,2681,116,3887,G
186,162,57,71,941,17.4375,-0.546875,3469.125,3395.640625,6.50024414062,2440.59375,-12473.890625,83,2552,95,3122,G
433,158,51,78,1517,22.3125,-11.234375,4903.90625,4419.203125,-7.69287109375,7632.375,-8585.140625,95,3062,103,3444,G
405,87,46,72,715,-24.046875,-31.03125,1716.703125,2302.4375,16.3544921875,-4740.984375,-14020.96875,81,2774,99,3067,G
184,87,65,74,1048,48.53125,-30.0625,3888.65625,2706.46875,11.3134765625,12911.21875,-15537.25,92,3000,107,3652,G
105,87,52,74,1082,-8.109375,-13.421875,2657.265625,3122.953125,18.0947265625,-5477.859375,-8912.546875,85,2812,103,3366,G
346,86,39,60,1381,14.734375,42.0625,3249.953125,4613.8125,2.14013671875,5164.421875,11635.46875,80,2525,84,2818,G
271,81,54,66,1226,-34.6875,38.46875,3518.21875,4589.375,6.13012695312,-15939.75,8471.9375,81,2452,109,3476,G
337,18,55,60,500,22.09375,-16.328125,1945.65625,1335.078125,-3.15356445312,8986.0,-12466.234375,69,2188,93,2902,G
268,8,57,65,748,-22.34375,25.53125,2013.4375,2228.8125,13.5234375,-13123.0625,5352.96875,89,2768,124,3914,G
111,4,54,61,1096,8.40625,20.4375,3246.6875,3401.6875,16.0339355469,143.125,3114.09375,82,2501,109,3629,G
417,2,63,70,884,-0.953125,15.453125,2829.078125,3196.484375,9.32348632812,-3619.703125,-6252.671875,77,2326,92,2961,G
181,0,67,72,1118,-35.515625,25.25,3939.390625,4421.59375,-1.65063476562,-27105.453125,5037.125,92,2669,109,3467,G
337,268,47,51,915,-10.640625,4.71875,2658.203125,3670.8125,-0.032470703125,-2845.921875,3166.0625,93,2971,88,2735,H
268,268,50,52,794,-15.1875,2.046875,2532.34375,2410.828125,-6.13891601562,-7319.15625,421.296875,94,3026,52,1626,H
188,261,61,58,1609,-5.34375,7.21875,4918.5625,4368.59375,19.9697265625,-1868.4375,-251.25,91,2945,64,2018,H
403,259,57,60,1051,-15.59375,-0.921875,5276.4375,3028.890625,-0.26953125,-9385.71875,996.671875,95,3033,59,1895,H
108,257,54,63,1480,1.921875,-3.609375,6856.703125,4025.640625,0.164794921875,759.421875,-283.921875,93,2967,49,1519,H
360,168,45,57,1486,9.75,-6.578125,4851.0625,4600.921875,-0.0029296875,9876.0,-529.703125,93,2958,51,1586,H
283,164,51,62,779,-11.296875,7.328125,4436.171875,2205.046875,-2.57836914062,-3428.671875,4314.578125,95,2970,61,1935,H
196,161,59,66,931,6.921875,3.875,4576.515625,2681.46875,7.94360351562,4539.640625,501.96875,100,3178,55,1707,H
452,158,43,67,1899,-1.46875,36.515625,5801.59375,6296.828125,5.92797851562,-10375.375,13504.828125,89,2833,51,1518,H
109,158,66,72,1026,6.484375,-4.71875,3295.109375,3130.5625,3.265625,5825.546875,-916.8125,101,3214,90,2851,H
367,87,45,58,1369,23.671875,12.6875,4308.421875,4096.875,5.54028320312,14710.265625,-1700.78125,93,3048,53,1619,H
186,86,79,61,1036,61.5625,26.234375,3686.40625,2405.203125,6.50439453125,32874.34375,6507.171875,104,3242,77,2575,H
100,86,66,60,1065,-1.578125,-2.546875,2562.203125,2738.140625,23.7434082031,-1461.359375,-907.703125,91,2924,68,2121,H
431,85,53,61,738,-19.953125,-2.203125,1822.984375,1903.578125,16.9294433594,-8133.078125,-1195.265625,96,3048,79,2427,H
289,81,56,67,1081,-15.9375,-1.6875,5580.25,2857.96875,3.20654296875,-10899.0,-3319.78125,101,3286,54,1666,H
349,16,58,52,616,-32.5,-32.421875,2373.28125,1358.515625,-2.94018554688,-26536.84375,-8044.296875,92,3026,55,1686,H
268,11,72,56,709,-8.5625,-11.125,1518.75,2415.84375,15.5478515625,-3004.71875,-5266.09375,103,3313,102,3112,H
109,2,61,66,970,-2.6875,15.015625,3437.59375,2579.203125,10.2600097656,84.875,986.265625,100,3187,61,1830,H
428,0,60,67,959,15.15625,6.671875,4336.15625,2636.921875,7.4609375,8702.6875,671.921875,98,3124,56,1725,H
186,0,61,72,1034,19.3125,-10.390625,5695.28125,2944.390625,3.31591796875,21567.65625,-3648.734375,100,3244,53,1606,H
278,268,39,51,662,-0.234375,0.0,1036.515625,3712.875,-0.003662109375,-981.796875,0.0,49,1568,82,2495,I
226,268,22,51,761,61.046875,-12.984375,699.078125,2682.109375,-1.58764648438,5354.640625,-5896.734375,49,1568,32,957,I
158,260,49,59,1312,6.90625,-36.34375,2894.03125,5053.40625,24.0278320312,-5056.53125,-19889.5,66,2031,73,2059,I
339,259,23,60,1022,-18.328125,3.09375,598.140625,3637.96875,-2.74438476562,-2061.796875,1505.25,51,1632,34,987,I
109,257,22,63,1443,-22.546875,0.0,1557.703125,4664.65625,-0.352294921875,-4628.015625,0.0,51,1632,29,870,I
275,168,22,57,1341,-48.984375,1.078125,1328.828125,4626.453125,-0.967529296875,-8653.828125,570.328125,51,1632,32,999,I
229,167,20,59,870,-26.53125,6.796875,413.34375,3127.140625,-0.0087890625,-2104.96875,3872.015625,51,1632,28,864,I
176,164,25,62,894,-34.515625,-0.046875,747.265625,2995.203125,13.0620117188,-4359.953125,405.609375,51,1632,36,1089,I
109,162,48,65,870,-8.59375,9.65625,1126.71875,4448.4375,15.5473632812,-1868.5,4264.21875,55,1715,77,2379,I
344,157,23,68,1256,-20.28125,2.859375,1032.28125,5099.015625,-4.89379882812,-3157.71875,2318.109375,53,1696,37,1110,I
365,88,37,56,471,-14.46875,-6.640625,1060.375,1448.578125,17.9504394531,-3413.1875,-2428.859375,51,1632,43,1333,I
100,88,45,57,769,0.59375,-6.40625,1556.75,2232.0,26.6057128906,584.5625,-2267.84375,51,1632,47,1457,I
323,87,23,58,1180,-26.25,-2.84375,973.625,3906.5,7.46997070312,-4047.84375,-2550.78125,51,1632,31,930,I
164,86,71,61,903,70.609375,32.484375,3292.984375,3739.171875,24.9555664062,34002.390625,20442.703125,79,2605,84,2666,I
256,83,45,63,1062,-26.53125,-12.703125,1915.78125,5439.203125,0.23193359375,-4096.59375,-6139.265625,52,1681,83,2554,I
269,17,17,48,685,-24.0625,-25.734375,305.25,2033.765625,1.48364257812,-1522.28125,-7505.109375,48,1560,31,988,I
207,11,51,55,473,-11.484375,-7.015625,828.828125,1750.890625,16.3759765625,-1643.109375,-3850.390625,51,1673,65,1986,I
314,4,26,62,950,-31.515625,2.3125,918.859375,3081.8125,16.4357910156,-4591.328125,896.3125,51,1632,37,1139,I
110,4,31,63,764,-8.8125,-3.875,1019.8125,2543.25,21.6672363281,-1241.4375,-730.34375,51,1632,40,1220,I
153,0,39,73,1019,19.78125,0.390625,1221.3125,5219.953125,-5.61108398438,1185.0,1062.765625,58,1836,77,2361,I
330,268,46,52,633,6.3125,1.671875,1517.0625,2876.140625,16.1281738281,-7230.625,-6020.453125,67,1955,65,1970,J
269,268,33,61,603,86.453125,39.34375,1638.109375,3244.5625,10.34765625,18766.703125,34064.6875,59,1673,52,1646,J
215,260,46,69,1345,-2.46875,-43.609375,2712.0625,5493.359375,28.185546875,-4310.28125,-24811.703125,72,2126,70,1960,J
388,259,33,61,793,95.453125,32.703125,1817.328125,3152.921875,14.4992675781,18448.140625,14702.890625,53,1661,44,1362,J
144,257,45,63,1126,114.234375,84.015625,3814.578125,3921.015625,19.4521484375,33892.546875,27797.734375,63,1890,47,1457,J
337,168,34,69,1118,83.640625,-38.53125,1991.140625,4604.28125,13.6198730469,15951.953125,-24822.84375,53,1696,61,1790,J
279,166,33,63,517,57.375,13.453125,1326.40625,1842.390625,15.2529296875,12217.03125,4356.890625,51,1632,44,1400,J
209,163,49,63,688,72.53125,63.5,2553.875,2763.03125,18.4558105469,23416.75,23646.40625,59,1772,49,1519,J
135,162,66,77,577,20.15625,-10.453125,1269.1875,2991.015625,24.9448242188,-1666.6875,-4662.796875,60,1776,62,1940,J
416,158,40,66,1247,121.078125,17.390625,3007.359375,4671.515625,25.7917480469,28845.328125,4816.359375,64,1883,51,1578,J
429,87,54,57,631,-23.484375,-15.5625,1803.359375,2469.5625,24.6877441406,-13761.796875,-10894.21875,80,2419,73,2143,J
373,87,35,59,1022,88.53125,57.015625,2386.78125,3532.703125,15.728515625,17727.03125,16268.453125,62,1863,45,1386,J
141,87,57,59,820,-12.828125,39.15625,2946.734375,2316.71875,32.3249511719,-7545.453125,9205.375,71,2162,58,1721,J
215,86,65,74,974,68.546875,8.0,3520.578125,3261.03125,24.302734375,26149.140625,303.96875,98,3081,95,3115,J
302,82,52,67,886,5.578125,-12.875,1694.640625,4373.84375,21.1293945312,-3629.671875,-14207.1875,65,1955,65,1927,J
285,11,64,58,384,3.703125,-5.984375,955.046875,1417.796875,16.6279296875,-2619.046875,-6281.703125,66,1978,64,1959,J
371,9,50,65,340,64.015625,30.703125,1696.078125,1760.828125,8.65112304688,26917.859375,18835.734375,56,1723,51,1618,J
472,5,48,62,665,87.96875,63.21875,2690.0,2838.65625,16.5305175781,30115.15625,27672.875,55,1690,49,1509,J
147,2,66,66,737,14.421875,18.046875,1995.859375,3370.640625,28.8017578125,-5573.453125,6016.828125,69,2068,64,2017,J
218,0,55,72,964,34.578125,1.71875,2878.171875,4654.03125,20.626953125,-54.484375,-7887.625,72,2161,79,2387,J
346,268,49,51,884,-43.453125,-14.46875,2306.921875,3619.40625,-1.78588867188,-13534.640625,-5307.03125,96,3069,100,3049,K
282,268,45,52,823,-37.90625,1.640625,1796.71875,2884.765625,-4.947265625,-6664.625,-1975.359375,94,3048,71,2391,K
206,261,58,58,1443,-29.046875,25.96875,3245.796875,4648.625,10.6335449219,-8675.984375,8269.3125,88,2804,72,2469,K
412,259,50,60,1086,-96.09375,9.734375,3420.09375,3700.765625,-7.84130859375,-35235.9375,3210.359375,95,3026,72,2305,K
128,257,54,63,1463,-75.453125,-3.71875,5138.078125,4305.53125,-5.27563476562,-37457.703125,-1336.375,96,3069,66,2284,K
360,168,42,58,1421,-103.0625,-7.796875,3517.46875,4657.609375,-5.32666015625,-33276.40625,-5898.296875,86,2747,66,2167,K
290,167,50,59,795,-66.859375,25.328125,2753.828125,2737.109375,-7.32763671875,-26726.265625,8029.421875,98,3117,73,2308,K
208,164,56,64,863,-72.453125,16.078125,2888.484375,2619.671875,-2.69970703125,-28456.203125,5087.296875,93,2991,78,2511,K
130,163,61,66,988,-70.6875,-13.296875,2636.4375,3888.765625,-9.60180664062,-21207.46875,-8147.515625,102,3300,86,2640,K
447,157,51,69,1562,-101.484375,29.828125,4624.890625,5556.765625,7.49365234375,-49679.109375,12485.640625,91,2874,68,2287,K
353,87,43,58,1355,-97.609375,6.90625,3530.765625,4607.28125,1.3779296875,-28427.921875,2863.28125,81,2577,73,2450,K
199,87,61,59,1128,-0.765625,43.046875,2901.109375,3618.578125,9.39721679688,5989.296875,14388.296875,94,2987,84,2915,K
412,86,54,59,679,-31.265625,9.546875,1312.578125,2098.421875,14.3369140625,-7982.484375,4366.390625,94,2790,69,2186,K
120,85,66,61,918,-42.015625,3.84375,1996.296875,2619.75,20.4602050781,-11133.953125,1142.15625,88,2759,63,1986,K
287,82,47,67,1207,-107.125,5.09375,3975.1875,4004.125,0.48095703125,-42435.15625,-1515.25,89,2930,77,2527,K
361,17,56,51,619,-72.015625,11.984375,2543.578125,1566.859375,-3.67724609375,-35185.890625,1848.078125,95,3023,80,2444,K
282,7,67,62,660,-8.25,1.96875,1402.1875,1883.90625,13.2387695312,119.15625,799.21875,98,3095,97,3050,K
131,6,53,61,1076,-11.078125,-2.515625,3323.015625,2999.578125,4.29174804688,-5202.953125,-1264.015625,94,3023,73,2455,K
442,4,56,63,981,-93.1875,1.921875,3893.03125,2681.390625,1.16088867188,-46503.9375,-6087.984375,87,2974,81,2615,K
203,0,64,74,929,-48.671875,-2.21875,3371.984375,2922.4375,-4.46313476562,-23889.765625,-194.5,102,3258,73,2430,K
313,268,45,51,710,-24.53125,47.78125,1988.96875,3586.21875,-12.857421875,3734.46875,18379.1875,65,1896,71,2003,L
253,268,39,52,598,-46.03125,43.0625,1362.875,2519.6875,-11.7487792969,-3819.0,17138.09375,59,1734,46,1382,L
196,261,37,58,1357,4.234375,37.453125,2118.921875,4889.796875,21.0275878906,1633.140625,17832.421875,53,1665,64,2215,L
378,259,39,60,823,-114.703125,64.28125,2406.546875,3661.1875,-9.84008789062,-25657.828125,32527.1875,53,1659,45,1353,L
128,257,47,62,1028,-165.765625,97.84375,4103.828125,4370.78125,-11.8227539062,-57585.953125,45421.09375,51,1632,48,1464,L
332,168,36,57,1048,-123.0625,70.875,2467.8125,4411.75,-11.3359375,-24699.625,32673.375,51,1632,44,1302,L
274,167,39,59,562,-101.796875,43.46875,2201.890625,2626.59375,-5.61962890625,-29821.296875,22802.21875,54,1657,48,1400,L
199,164,50,62,733,-99.15625,82.296875,2712.53125,3185.453125,-3.509765625,-28907.125,32686.109375,54,1680,56,1659,L
134,159,45,67,794,-103.234375,67.15625,2168.921875,3721.03125,0.775146484375,-23409.203125,34245.40625,56,1735,60,1769,L
414,158,46,75,1054,-150.203125,73.671875,3839.578125,5312.421875,-18.1667480469,-48034.703125,39734.421875,57,1754,58,1700,L
389,89,39,55,574,-18.453125,33.0,1188.828125,2094.625,18.8310546875,-4999.203125,12475.875,55,1694,69,2067,L
335,87,39,58,972,-106.3125,80.6875,2226.5,4114.46875,-6.00415039062,-20398.3125,37606.09375,53,1655,48,1448,L
122,87,44,59,972,-28.328125,73.84375,1833.328125,3409.34375,17.4230957031,-8717.921875,23173.65625,54,1689,72,2382,L
196,85,53,63,876,26.421875,36.875,1890.140625,2604.09375,8.28881835938,6183.734375,6741.21875,60,1770,75,2468,L
270,82,46,66,822,-119.6875,94.03125,3061.125,3848.6875,-6.93505859375,-37126.1875,42286.3125,57,1758,48,1476,L
345,16,49,49,390,-67.65625,46.9375,1763.9375,1671.96875,-1.99877929688,-26579.6875,19015.84375,55,1655,54,1580,L
270,11,51,57,599,19.953125,13.546875,1227.015625,2227.078125,10.1467285156,5966.140625,-1780.078125,67,1945,91,3080,L
131,5,48,60,801,-75.390625,77.953125,2113.203125,3047.515625,3.03735351562,-17285.828125,25805.484375,61,1817,61,1776,L
417,4,50,64,681,-99.5,62.78125,2487.375,2843.9375,-1.31884765625,-28928.0,24130.75,56,1707,58,1699,L
194,0,62,72,819,-66.609375,74.21875,2803.921875,4383.25,-13.0834960938,-10312.078125,32555.78125,68,2033,71,2001,L
309,268,52,51,1015,-1.921875,-10.671875,3430.828125,3575.859375,0.0673828125,-1189.078125,1761.296875,145,4852,74,2270,M
235,268,56,52,947,-4.1875,3.953125,2981.0,2783.046875,-5.08227539062,-4363.84375,108.109375,153,4731,59,1768,M
133,261,83,58,1496,67.046875,27.6875,4637.515625,4241.0625,5.01342773438,27911.171875,8411.65625,137,4064,57,1777,M
375,259,71,60,1123,12.046875,12.65625,4847.296875,3276.125,-0.192138671875,5357.390625,5158.875,156,4761,54,1697,M
49,258,59,62,1985,-0.90625,-3.515625,7916.84375,5946.140625,0.2509765625,-200.21875,-2090.296875,149,4478,51,1581,M
322,167,52,58,1473,-12.6875,2.171875,4830.25,3895.671875,1.22631835938,-5400.40625,6280.703125,107,3338,49,1519,M
235,165,65,61,791,18.84375,-1.015625,3249.09375,2163.328125,0.502197265625,12214.3125,930.390625,153,4843,53,1643,M
140,164,69,63,976,15.28125,-24.90625,4317.28125,2599.8125,8.76147460938,12977.25,-6627.34375,140,4542,57,1844,M
419,159,58,66,1828,-14.21875,-62.796875,7439.8125,5770.671875,2.65209960938,-125.3125,-23174.046875,133,4250,55,1745,M
52,157,68,72,1059,19.75,13.34375,4831.125,2648.5625,1.86865234375,16577.875,4362.5,125,3836,64,1929,M
323,87,51,58,1553,-17.625,-45.171875,5998.59375,4161.828125,2.08447265625,-9756.28125,-9449.609375,115,3628,52,1643,M
129,87,81,71,942,92.359375,-18.140625,3493.015625,1994.515625,20.2778320312,34967.359375,-4418.859375,122,4016,74,2540,M
41,87,73,59,1272,19.953125,5.328125,2930.078125,3229.703125,20.5102539062,8370.546875,2484.453125,124,3671,64,1972,M
390,86,61,61,859,24.6875,-17.640625,1901.71875,2189.921875,19.7229003906,5119.25,-5811.953125,139,4397,81,2611,M
234,82,66,66,1394,-14.421875,14.3125,4663.296875,4008.8125,0.5263671875,-7160.515625,3998.96875,148,4453,53,1643,M
319,17,64,49,465,5.953125,-14.046875,1987.296875,1090.953125,0.534423828125,1865.671875,-3040.765625,146,4620,53,1645,M
234,10,79,57,737,-5.671875,0.953125,1671.515625,2177.046875,15.9562988281,-1975.640625,3.953125,140,4294,98,2950,M
49,3,73,64,1065,42.6875,-22.546875,3734.71875,2898.671875,20.1198730469,20053.4375,-7863.796875,152,4903,68,2194,M
408,0,71,69,963,31.171875,-6.296875,4519.421875,2297.890625,4.11743164062,17378.015625,762.171875,135,4311,59,1913,M
143,0,71,73,1170,17.5,-85.375,6080.53125,3866.8125,1.29736328125,6358.9375,-34109.96875,150,5207,55,1704,M
277,268,50,51,929,-3.203125,-16.765625,2507.203125,3486.984375,0.396484375,-624.296875,-7879.109375,126,4046,72,2146,N
212,268,46,51,871,3.828125,-13.125,2613.359375,2537.90625,-2.67114257812,2413.578125,-6212.8125,122,3940,53,1526,N
128,261,65,58,1381,15.5,-22.9375,3680.875,3835.53125,16.8833007812,4242.03125,-8666.6875,106,3402,55,1680,N
345,259,56,60,1151,21.21875,3.0625,5510.3125,3439.34375,-6.86376953125,22204.625,649.5625,123,3915,58,1755,N
49,257,54,63,1661,-3.359375,3.328125,6910.359375,4590.609375,-7.33178710938,-107.703125,467.484375,114,3642,49,1519,N
299,167,43,58,1532,27.609375,10.90625,4471.359375,4516.5625,-1.564453125,14540.859375,8842.34375,100,3174,54,1662,N
220,167,55,59,837,3.890625,5.375,3835.109375,2566.5,-5.0615234375,-1856.203125,2165.0,129,4128,53,1643,N
134,164,59,64,939,-6.34375,4.078125,3819.4375,2546.796875,7.56396484375,-3055.65625,512.484375,121,3826,51,1581,N
53,159,60,67,1082,-19.90625,24.78125,4160.75,3500.46875,-1.11791992188,-116.0,10160.9375,127,3841,63,1903,N
391,157,49,74,1515,-35.484375,-1.671875,5266.984375,3985.765625,0.046875,-23736.140625,2585.828125,99,3201,55,1662,N
301,87,42,58,1662,-5.453125,9.125,5548.078125,4556.9375,-1.47241210938,-4054.234375,4304.28125,107,3402,48,1477,N
362,86,56,60,730,-6.171875,4.265625,1524.109375,2092.078125,17.1689453125,-3390.734375,2919.796875,121,3837,62,1929,N
41,86,69,60,1024,-12.578125,2.34375,2181.546875,2527.1875,19.5625,-4723.421875,1680.1875,101,3213,53,1643,N
122,85,72,73,921,94.734375,-31.984375,3722.671875,2280.484375,24.04296875,35973.515625,-9563.734375,113,3796,56,1797,N
217,81,60,67,1184,-1.296875,-3.953125,6078.515625,3492.015625,-8.197265625,-329.328125,-2849.453125,126,4034,56,1742,N
293,18,51,49,620,-19.46875,-19.15625,3187.0625,1440.15625,-3.85180664062,-7242.8125,-6597.59375,115,3727,53,1597,N
212,11,72,55,641,-15.4375,-7.65625,1303.15625,2059.1875,14.2746582031,-3209.6875,-3082.09375,126,4112,75,2241,N
374,0,60,67,964,5.203125,19.828125,3870.015625,2764.984375,9.66015625,320.671875,6305.015625,119,3644,51,1581,N
131,0,64,72,1066,-0.421875,0.921875,4761.765625,3459.921875,-3.98681640625,-184.546875,-949.328125,138,4455,52,1634,N
50,0,65,66,987,13.109375,33.984375,3693.421875,2736.203125,12.2248535156,9653.234375,13700.484375,123,3676,53,1643,N
204,268,44,52,901,0.375,-1.109375,3452.71875,3036.640625,4.28491210938,1713.09375,-996.171875,91,2933,77,2402,O
271,267,47,53,769,-1.671875,1.484375,2816.140625,2898.390625,-0.05615234375,-1209.828125,614.140625,89,2868,85,2611,O
131,261,53,58,1411,2.796875,19.8125,4401.359375,4257.03125,18.1057128906,4130.328125,9131.65625,87,2802,80,2662,O
335,258,64,62,927,-6.375,-3.609375,3858.78125,3669.359375,2.97778320312,-4440.09375,-1498.640625,90,2880,88,2728,O
47,257,60,63,1426,2.21875,-0.109375,5227.9375,4951.109375,-0.147216796875,1144.09375,-74.265625,84,2688,78,2418,O
301,168,45,58,1443,-16.171875,-1.59375,4353.828125,4920.5625,-0.4033203125,-8533.171875,-522.84375,84,2688,67,2067,O
219,166,59,60,742,5.625,0.078125,3358.96875,3137.203125,8.64184570312,2359.5,1023.640625,94,3008,92,2852,O
136,164,61,64,897,-9.875,1.265625,3536.46875,3419.171875,14.4348144531,-3253.0625,282.140625,91,2932,88,2728,O
52,163,65,63,1028,1.921875,-11.609375,4282.984375,3544.296875,17.8901367188,2385.046875,239.640625,104,3380,92,2841,O
391,159,52,66,1557,7.484375,-11.34375,4576.421875,4852.8125,-2.384765625,4321.859375,-4189.21875,94,3008,65,2023,O
352,87,46,59,851,-2.953125,-19.875,2444.203125,3113.5,25.0939941406,-884.296875,-9116.15625,95,3094,92,2807,O
290,86,43,59,1366,-5.03125,8.703125,3622.3125,4388.421875,6.08569335938,-623.3125,4522.484375,83,2640,66,2033,O
121,86,64,62,983,-29.296875,-15.421875,3503.109375,3946.328125,5.91528320312,-5084.953125,-9493.640625,105,3699,100,3085,O
45,86,53,61,1077,-12.4375,-8.84375,3372.65625,3189.71875,30.2976074219,-3572.59375,-4843.0625,86,2787,71,2212,O
208,82,60,65,1155,1.59375,0.890625,4450.25,4689.328125,8.35546875,318.65625,1097.765625,90,2880,86,2666,O
283,18,53,47,646,-15.765625,-8.453125,2356.953125,2452.828125,3.32861328125,-5540.453125,-3025.515625,90,2975,92,2852,O
214,9,53,57,719,0.828125,1.046875,2745.890625,2390.515625,24.7646484375,943.859375,3674.453125,88,2742,89,2863,O
51,6,57,60,1047,-2.0,2.265625,3716.96875,3917.578125,20.0617675781,-1709.46875,1514.171875,95,3137,86,2666,O
360,5,61,63,965,-7.625,3.53125,3780.375,3674.28125,15.8178710938,-2695.34375,342.4375,90,2919,87,2679,O
125,0,67,73,1081,-2.296875,4.375,4971.578125,4592.25,0.455810546875,-1248.421875,1808.96875,94,3008,90,2790,O
255,268,44,51,846,-38.71875,-32.4375,2258.71875,3312.84375,7.728515625,-6957.9375,-11543.15625,69,2398,96,2861,P
192,268,39,51,773,-18.09375,-68.8125,1724.375,2606.65625,7.52294921875,1866.84375,-25508.90625,74,2568,61,1910,P
122,261,50,58,1430,-24.296875,-82.421875,3564.828125,4228.421875,24.3247070312,-1946.640625,-29965.234375,73,2412,68,2017,P
318,259,43,60,1131,-69.78125,-77.890625,3428.90625,3682.703125,10.08203125,-19328.5625,-31481.234375,72,2493,68,2065,P
49,258,50,62,1394,-101.921875,-112.6875,5094.265625,4313.75,12.0861816406,-39587.078125,-43020.46875,65,2227,70,2170,P
267,168,39,57,1354,-82.015625,-95.984375,3480.109375,4426.953125,11.6491699219,-21275.328125,-35045.140625,69,2329,60,1802,P
205,166,40,60,823,-56.171875,-55.375,2787.984375,2824.90625,9.37744140625,-14743.328125,-24500.125,79,2766,77,2319,P
127,164,53,63,939,-70.015625,-88.71875,3571.796875,3103.90625,12.1320800781,-26672.796875,-36139.25,72,2493,83,2544,P
51,163,57,67,974,-37.3125,-85.65625,3125.21875,3405.09375,16.8645019531,-3148.59375,-34096.0,86,3083,101,2850,P
352,161,37,64,1269,-69.171875,-84.828125,2997.328125,4354.953125,12.5886230469,-14454.453125,-27316.671875,68,2346,62,1857,P
333,88,49,58,731,-3.78125,-60.1875,1883.84375,2307.875,21.3005371094,1210.65625,-22615.40625,70,2454,76,2477,P
273,87,42,58,1211,-85.1875,-69.59375,3157.9375,3446.0,8.81909179688,-20327.5,-21462.125,65,2199,69,2055,P
42,86,61,62,888,-9.453125,-66.46875,2486.859375,2734.125,28.9123535156,-313.671875,-23062.59375,67,2296,71,2307,P
122,85,63,77,966,50.484375,-76.640625,2503.953125,3643.390625,13.580078125,20678.484375,-34886.203125,86,2969,92,2892,P
209,81,43,65,1126,-83.625,-88.1875,3624.71875,3805.15625,11.7370605469,-27686.90625,-37233.0625,72,2494,70,2159,P
263,16,48,50,628,-31.1875,-52.84375,1690.65625,1956.9375,-0.4775390625,-4042.9375,-19509.34375,76,2666,91,2733,P
192,11,62,55,622,10.546875,-40.578125,1724.703125,2006.109375,21.1962890625,9834.703125,-13691.515625,74,2624,88,2815,P
337,3,57,67,917,-56.296875,-106.921875,3009.453125,3572.859375,10.830078125,-11258.484375,-46811.296875,77,2706,88,2722,P
116,0,60,72,1009,6.34375,-128.078125,2793.09375,4385.484375,7.63696289062,16603.46875,-68655.203125,88,3256,77,2509,P
50,0,58,68,906,-31.125,-71.515625,2714.25,2803.609375,16.4382324219,-3526.125,-25496.234375,71,2435,82,2626,P
207,268,74,61,612,-66.4375,32.515625,2165.5625,2927.109375,-16.431640625,-28610.3125,26208.265625,98,3007,79,2196,Q
131,261,55,58,1654,18.75,57.15625,5060.78125,5270.0625,8.06298828125,7160.8125,22186.09375,94,2913,93,3121,Q
457,257,47,60,865,10.125,31.640625,2843.375,3593.359375,-2.830078125,4283.625,11238.234375,90,2930,114,3708,Q
47,257,63,67,1431,2.015625,-0.09375,4672.671875,4953.0625,-10.7739257812,-6234.046875,-9260.25,90,2869,88,2780,Q
522,248,64,70,1019,20.015625,10.828125,4068.859375,4044.578125,-6.59790039062,6085.921875,-3243.421875,89,2920,107,3571,Q
301,168,45,65,1431,15.3125,-39.703125,4088.34375,4399.453125,-5.93969726562,1656.03125,-24590.953125,86,2842,74,2358,Q
219,166,61,60,742,13.421875,11.875,3202.203125,3318.53125,0.04052734375,342.484375,7053.25,95,3019,99,3201,Q
135,163,60,74,954,32.484375,2.5,3328.484375,3081.34375,1.66796875,9681.515625,-7742.375,93,3045,100,3284,Q
52,163,65,76,1038,33.5,-23.0,4185.6875,3709.78125,3.7001953125,12926.46875,-13090.625,100,3324,114,3849,Q
393,158,62,76,1174,-49.703125,-0.921875,3134.796875,3789.046875,-19.4294433594,-25171.890625,-5313.734375,96,3108,89,2653,Q
366,88,46,68,934,0.84375,-9.296875,2320.78125,3318.265625,14.5090332031,290.53125,-8987.359375,94,3138,114,3576,Q
304,86,44,65,1423,15.328125,1.1875,3760.734375,4480.53125,-6.146484375,2109.140625,-5113.71875,85,2771,76,2467,Q
46,86,54,71,1249,-0.9375,-6.984375,3292.40625,3555.140625,19.1164550781,-1954.875,-6595.359375,92,2995,92,2996,Q
126,85,68,70,1028,50.09375,12.265625,3634.5,3948.359375,8.40844726562,24194.65625,-915.484375,83,2764,110,3677,Q
216,82,67,77,1144,27.25,-13.625,4408.03125,3994.375,-11.0517578125,5145.90625,-17060.0,95,3092,104,3357,Q
281,18,63,50,652,-32.78125,17.234375,1851.375,2479.109375,-2.27221679688,-16492.0,3083.328125,110,3414,104,3142,Q
212,9,53,71,769,17.140625,-15.078125,2419.953125,2314.234375,12.3317871094,3429.453125,-10673.046875,100,3269,106,3541,Q
52,4,56,70,1028,5.546875,-21.796875,3047.203125,3126.734375,8.96752929688,1341.296875,-13895.671875,88,2940,95,3013,Q
359,3,62,74,928,7.921875,0.140625,3099.109375,2948.515625,0.315185546875,-2782.171875,-8796.421875,93,3045,101,3214,Q
123,0,77,76,1049,-26.78125,33.640625,3607.15625,4615.359375,-12.6701660156,-21504.4375,10697.703125,94,2983,113,3350,Q
261,268,50,51,927,-47.953125,-2.953125,2542.546875,3480.890625,-5.1201171875,-16144.640625,-1667.578125,87,2677,97,2898,R
197,268,45,52,864,-34.078125,-7.96875,1683.984375,3022.40625,-7.3701171875,-8802.984375,-5842.875,94,2963,76,2415,R
126,262,52,57,1632,14.03125,-4.78125,4226.71875,5079.40625,3.96533203125,4503.25,-7021.3125,91,2772,80,2638,R
327,259,50,61,1165,-76.03125,-7.671875,3454.0625,4076.421875,-10.2329101562,-31873.21875,-9439.671875,90,2790,83,2573,R
49,258,53,62,1639,-47.015625,-46.421875,5866.734375,5381.703125,-4.29418945312,-27604.265625,-22621.421875,85,2548,84,2814,R
280,168,42,58,1541,-75.765625,-33.28125,3788.671875,5064.53125,-5.13012695312,-28992.578125,-16198.78125,86,2585,72,2264,R
214,166,47,60,860,-84.9375,3.53125,2807.5,2928.96875,-7.86694335938,-34343.15625,-3350.28125,96,3032,86,2529,R
133,164,56,62,1138,-43.84375,-18.09375,3809.0,3925.78125,-1.62890625,-25095.25,-13049.34375,96,2937,98,3174,R
50,163,62,67,1075,-12.6875,-40.125,2896.6875,3797.46875,0.9384765625,-2541.125,-21753.375,107,3485,103,3260,R
367,159,41,66,1653,-31.1875,-9.296875,3971.15625,6198.796875,-6.18774414062,-12813.4375,-1915.796875,91,2777,72,2316,R
340,87,50,58,795,-2.0,-26.4375,1867.4375,2769.125,24.03515625,2761.75,-12167.25,85,2618,86,2827,R
281,87,41,58,1500,-70.109375,-0.390625,3567.890625,4904.140625,-4.15112304688,-20533.765625,1526.984375,79,2349,83,2748,R
122,86,66,70,1092,10.15625,-86.96875,3078.3125,4284.21875,14.5908203125,2445.3125,-45440.40625,98,3196,117,3820,R
42,86,58,60,1129,1.890625,-8.0625,2626.203125,3647.8125,28.5571289062,965.171875,-5481.375,86,2625,80,2625,R
210,82,49,64,1334,-83.171875,-6.015625,4551.265625,4198.703125,-6.08520507812,-39012.015625,-8743.796875,86,2675,91,2993,R
271,19,63,47,654,-38.8125,-23.671875,1804.78125,2192.359375,-11.4658203125,-13908.84375,-9328.078125,96,3003,100,3131,R
197,11,62,59,752,18.3125,-20.921875,1679.40625,2370.046875,16.2680664062,8116.53125,-12846.109375,96,3045,107,3554,R
356,5,66,62,1012,-55.390625,-17.875,3141.078125,3624.75,-11.7939453125,-25806.078125,-11688.15625,96,2978,96,2938,R
52,3,53,63,1193,14.734375,-46.203125,3512.546875,3857.140625,9.81396484375,4883.546875,-23100.078125,89,2735,94,3256,R
114,0,79,73,957,-17.234375,-30.390625,2276.890625,4224.015625,-20.0126953125,-3220.578125,-19154.640625,105,3293,80,2519,R
186,268,34,52,881,5.046875,9.640625,2037.578125,3204.078125,-0.04833984375,1926.265625,3189.546875,69,2196,102,3171,S
245,267,41,53,893,0.75,8.234375,2677.0,3557.640625,2.72534179688,152.8125,4155.921875,75,2411,117,3651,S
122,261,44,58,1574,36.359375,-7.3125,3107.109375,5019.03125,13.8889160156,10403.046875,-2792.90625,74,2374,83,2609,S
306,258,36,61,1014,-1.15625,5.453125,1851.03125,3944.640625,0.65966796875,-617.1875,2048.734375,53,1696,91,2795,S
48,257,51,63,1491,-5.015625,4.46875,4247.921875,5189.59375,-5.298828125,-3653.015625,1487.96875,71,2257,115,3520,S
244,168,39,58,1279,-1.03125,8.953125,2474.125,4923.140625,-4.55493164062,-2168.0625,5434.453125,56,1806,95,2856,S
188,167,35,61,692,7.953125,-8.859375,1552.109375,2711.171875,-3.47241210938,2168.703125,-1711.828125,54,1748,104,3220,S
114,164,51,64,865,-6.03125,-2.71875,2404.46875,3615.40625,4.3955078125,-1693.90625,-1875.75,59,1956,120,3698,S
49,163,48,66,891,17.3125,17.4375,1964.4375,3968.09375,10.7622070312,2649.4375,6644.8125,69,2127,94,3065,S
314,162,56,74,961,89.15625,51.40625,2323.8125,4332.25,2.35668945312,22724.8125,27506.0,64,2169,90,3097,S
288,88,43,57,1284,17.515625,20.09375,2894.171875,4565.78125,14.0571289062,5545.578125,11686.4375,69,2235,102,3114,S
45,88,52,57,1169,2.578125,-5.484375,2802.203125,3837.328125,28.9191894531,-50.484375,-965.953125,86,2771,89,2769,S
349,87,48,57,729,-2.625,0.140625,1649.34375,2872.984375,24.0573730469,-1717.125,2859.046875,80,2590,91,2840,S
113,85,79,72,975,63.65625,16.140625,2988.90625,3549.203125,24.9597167969,26261.8125,7657.515625,60,1913,121,4180,S
214,84,52,63,1093,30.0,16.703125,2908.78125,4246.203125,0.844970703125,13031.71875,7036.328125,60,1850,114,3700,S
252,18,57,47,668,29.984375,17.015625,1994.421875,2757.140625,2.95141601562,11031.640625,5384.859375,63,1917,121,4012,S
185,8,59,59,570,3.171875,15.390625,1360.140625,2184.578125,18.1267089844,172.015625,7401.296875,74,2276,82,2558,S
332,5,51,64,857,0.296875,-5.203125,2334.234375,3576.296875,3.16674804688,684.390625,-2642.765625,58,1942,121,3743,S
50,1,53,66,911,12.359375,2.3125,1900.046875,3759.25,16.1733398438,3361.671875,1688.40625,56,1776,102,3224,S
118,0,51,80,1165,-56.90625,-33.9375,3818.9375,4995.4375,13.3198242188,-20320.875,-30484.03125,78,2578,113,3352,S
242,268,44,51,806,0.984375,-64.3125,2027.484375,3943.0,2.03979492188,416.203125,-21254.25,77,2814,72,2204,T
179,268,42,51,575,-17.34375,-67.765625,913.28125,2540.390625,-2.5400390625,-5673.0,-28182.828125,60,2098,48,1454,T
119,261,42,58,1277,-57.859375,-74.296875,2086.453125,4708.671875,12.1333007812,-11331.484375,-30410.484375,51,1632,60,1648,T
45,258,54,62,957,-9.46875,-106.359375,1361.125,4268.953125,-0.205810546875,-1105.78125,-49613.578125,51,1632,49,1519,T
301,257,52,62,743,-2.875,-80.5,1210.96875,3431.625,0.138916015625,154.25,-34257.4375,55,1834,54,1680,T
260,168,42,57,972,-10.546875,-93.234375,1277.671875,4417.453125,-1.0546875,-2025.421875,-42753.234375,51,1632,48,1478,T
196,166,50,59,487,-14.546875,-53.8125,667.953125,2487.4375,0.091796875,-697.515625,-27593.8125,54,1795,55,1694,T
119,165,63,61,596,-14.71875,-84.34375,1100.90625,2853.21875,1.29663085938,-1365.1875,-36758.40625,52,1680,54,1663,T
347,158,60,66,946,-93.578125,-95.21875,2315.453125,4796.125,2.79125976562,-16991.359375,-48893.5,53,1696,56,1693,T
52,158,59,68,644,-28.734375,-49.40625,1288.171875,2446.46875,8.44189453125,934.828125,-14403.75,55,1789,59,1745,T
358,87,54,59,521,-51.09375,-65.484375,1528.25,2389.578125,10.3859863281,-13859.8125,-30033.890625,53,1729,66,1842,T
293,87,44,58,892,-18.0,-101.734375,1267.53125,4046.609375,1.92553710938,-681.5625,-44562.390625,51,1632,50,1549,T
47,87,58,59,753,-54.8125,-63.15625,1664.875,3120.84375,18.6706542969,-12278.3125,-28730.21875,53,1727,65,1882,T
117,85,79,69,893,39.890625,-77.859375,2796.609375,4174.296875,-1.56860351562,3227.015625,-38629.546875,82,2668,95,3250,T
219,82,57,63,735,-8.390625,-106.09375,1298.796875,3383.0625,-1.90649414062,-1130.859375,-45027.25,52,1680,53,1648,T
263,18,54,49,421,-19.078125,-72.203125,756.171875,2000.578125,-1.640625,-2612.953125,-31375.796875,58,2043,50,1543,T
201,7,59,59,564,-19.984375,-36.765625,1391.296875,2154.453125,16.5290527344,83.703125,-8902.609375,77,2818,83,2398,T
333,5,64,61,563,-8.375,-80.03125,1124.625,2536.46875,4.0693359375,831.15625,-31163.40625,52,1678,54,1663,T
115,3,67,70,722,-10.046875,-106.234375,1492.421875,3677.359375,-2.11865234375,-6156.390625,-50787.859375,66,2330,55,1705,T
55,2,59,62,701,-33.96875,-90.96875,1498.8125,2900.78125,6.96118164062,-3042.21875,-34012.0625,57,1902,59,1745,T
270,268,48,52,761,-1.265625,-23.9375,2307.453125,3244.625,0.08251953125,-3236.953125,-13965.5,93,3086,66,2004,U
200,268,51,52,804,-13.03125,33.21875,2376.0625,2932.125,-6.15673828125,-7309.59375,11484.125,104,3235,55,1648,U
128,260,52,59,1742,-0.453125,73.734375,5357.171875,4920.421875,0.669189453125,6784.046875,24710.109375,94,2894,60,1858,U
336,259,53,61,963,-1.75,23.140625,4597.96875,3700.640625,2.49926757812,2656.71875,9266.046875,96,3207,56,1742,U
49,257,54,63,1385,1.171875,33.640625,6021.890625,4646.515625,0.233154296875,570.796875,13004.703125,93,3165,49,1519,U
295,167,44,58,1458,20.6875,43.96875,4882.40625,5172.5,0.468994140625,8858.21875,20726.25,94,3123,62,1922,U
218,167,56,59,628,-25.03125,12.828125,2745.0625,2376.984375,5.1630859375,-8866.6875,5084.609375,99,3237,53,1609,U
137,165,57,63,892,-18.6875,40.78125,4150.9375,3143.5625,6.31640625,-11176.8125,16507.875,94,3137,56,1661,U
52,163,63,63,1022,-27.03125,26.8125,3657.65625,3819.3125,-7.03125,-12899.9375,8365.5,107,3270,78,2308,U
385,158,46,61,1491,-26.84375,-26.828125,4449.0,5161.359375,3.36572265625,-12164.46875,-10076.453125,96,3207,57,1760,U
347,88,54,57,851,-27.265625,12.0,2126.640625,2545.40625,20.3627929688,-11946.078125,4867.125,119,3594,81,2325,U
283,87,44,59,1474,19.421875,37.953125,4856.546875,4717.234375,3.71411132812,5056.140625,11438.796875,98,3176,54,1706,U
124,87,58,58,1232,8.75,48.203125,4439.875,3669.234375,15.4748535156,-1771.09375,17865.484375,117,3599,76,2407,U
46,86,58,60,1089,-60.0,16.125,2904.25,3181.75,24.4060058594,-22233.28125,3327.1875,99,3154,71,2073,U
206,83,54,63,997,-9.203125,36.40625,4661.578125,3509.1875,1.5302734375,-6630.765625,14805.875,96,3207,49,1519,U
286,20,55,49,590,-34.9375,12.640625,2344.03125,1583.296875,-4.76708984375,-28860.25,1540.953125,109,3532,58,1698,U
214,11,60,55,643,-44.109375,-30.234375,2034.078125,2556.640625,15.6457519531,-17614.171875,-13925.859375,100,3410,93,2680,U
54,3,56,63,883,-30.546875,38.21875,3595.109375,2801.9375,19.3276367188,-7796.609375,16313.5,90,2958,60,1743,U
364,2,56,64,855,-11.28125,36.46875,4120.4375,3021.21875,4.0830078125,-4908.6875,16456.78125,94,3094,56,1661,U
126,0,63,75,1072,-18.703125,-28.328125,4393.609375,5155.984375,11.1279296875,-10551.140625,-21021.390625,106,3678,81,2383,U
251,268,51,51,666,1.21875,-49.359375,1544.09375,2572.953125,0.0546875,180.0,-24238.359375,90,3044,67,2077,V
187,268,46,52,654,9.65625,-29.421875,1386.5625,2027.171875,0.059326171875,8179.125,-13060.953125,88,3011,50,1595,V
124,261,46,58,1414,-90.9375,-26.828125,4131.1875,4081.546875,9.16333007812,-24905.15625,-9481.609375,89,3095,48,1483,V
313,259,55,61,828,12.53125,-25.140625,2521.34375,2530.828125,-0.2021484375,9425.96875,-12199.421875,91,3132,51,1572,V
46,257,55,63,1150,-3.578125,-27.25,3058.453125,3366.78125,-0.376220703125,-1273.421875,-10930.1875,88,3075,50,1525,V
272,167,47,58,1082,-6.046875,-15.140625,2240.234375,3310.484375,0.8310546875,-2021.015625,-5177.109375,86,2997,48,1464,V
202,166,55,60,552,-22.0625,-10.8125,1624.84375,1835.84375,2.39599609375,-5472.125,-4289.1875,93,3123,50,1525,V
363,163,46,61,1387,14.734375,-24.296875,3534.203125,4237.546875,-3.3125,1354.515625,-8851.421875,91,3092,47,1457,V
123,163,62,62,700,-28.0625,-7.921875,2225.84375,2041.546875,5.595703125,-9437.65625,-3379.453125,89,3019,51,1581,V
50,159,59,67,815,-25.640625,-19.796875,2444.296875,2586.203125,3.46728515625,2264.109375,-8247.859375,92,3100,52,1628,V
362,88,46,59,712,-74.625,-13.25,2141.9375,2186.1875,16.3576660156,-21229.40625,-5424.6875,91,3092,61,1758,V
298,88,43,57,1136,-51.0625,-48.625,2554.0625,3276.90625,1.392578125,-15327.34375,-18007.75,81,2907,46,1403,V
134,87,68,60,1151,57.859375,-49.28125,3721.828125,4666.5625,-2.16064453125,34401.015625,-23849.40625,97,3324,89,2769,V
47,85,58,61,801,-68.921875,-22.296875,2224.546875,2238.328125,19.9807128906,-14747.734375,-6755.703125,77,2737,55,1683,V
226,82,51,66,992,-24.96875,-28.078125,2636.28125,3134.890625,2.9033203125,-8093.65625,-13791.609375,91,3197,49,1519,V
297,18,50,47,464,-1.734375,-14.15625,1395.109375,1205.09375,0.7314453125,1157.578125,-4570.96875,85,2892,49,1519,V
210,10,61,56,601,-70.59375,-54.859375,2175.90625,2234.109375,7.55908203125,-23938.3125,-24631.703125,92,3209,76,2149,V
57,4,52,63,868,-78.5625,-1.484375,3519.96875,2658.890625,14.451171875,-37122.28125,-1132.296875,92,3067,51,1550,V
368,1,61,63,686,-5.703125,1.90625,2253.859375,1797.3125,-1.6953125,1117.046875,510.40625,88,2927,51,1581,V
113,0,70,73,895,-3.28125,-67.65625,2174.0,3756.34375,2.18017578125,1161.75,-36060.53125,96,3281,69,2130,V
302,268,51,51,1020,-3.75,-24.421875,2756.8125,3353.046875,0.3583984375,-1843.21875,-15562.265625,148,4673,70,2175,W
221,268,62,52,815,16.953125,-15.578125,2252.671875,2272.671875,-1.0634765625,10489.578125,-6699.578125,156,5135,53,1684,W
140,261,64,58,1640,-51.25,4.796875,5779.03125,4559.953125,3.3662109375,-25337.21875,811.234375,142,4664,60,1888,W
364,259,81,61,1037,10.15625,-23.265625,3399.15625,3190.953125,0.021484375,9272.75,-11702.828125,165,5670,69,2140,W
45,257,74,63,1525,3.28125,-25.09375,5160.5,4325.625,0.397705078125,2311.40625,-8905.1875,146,4994,53,1643,W
333,168,60,57,1547,1.453125,-20.5,4219.078125,4600.75,0.1748046875,1530.421875,-8979.71875,134,4596,52,1606,W
241,167,74,59,762,-7.59375,-14.015625,3216.0625,2274.890625,0.62939453125,-6301.78125,-6230.109375,167,5617,53,1643,W
141,164,77,64,824,-13.703125,25.3125,3497.140625,2106.375,4.90014648438,-4439.921875,6266.71875,142,4398,54,1701,W
52,159,72,67,1078,-22.046875,13.15625,4171.890625,3191.9375,3.99731445312,-4221.203125,6357.96875,154,4804,58,1837,W
438,157,62,70,1702,-4.40625,-45.390625,3736.0625,5448.984375,-3.42651367188,-3010.40625,-17486.171875,115,4083,51,1581,W
334,88,59,57,1490,-48.953125,-33.515625,4709.703125,3942.359375,1.90283203125,-24066.015625,-9507.796875,133,4538,51,1581,W
412,86,58,61,831,-73.25,32.78125,2446.25,2389.5,20.0988769531,-21732.125,8891.78125,128,3898,71,2017,W
132,86,80,62,1391,0.875,16.140625,4992.625,4058.359375,14.7197265625,6602.84375,7373.453125,153,4933,82,2553,W
46,84,73,63,990,-68.03125,-14.71875,2548.90625,2297.25,17.5649414062,-17089.75,-3954.375,114,3841,66,2005,W
236,82,77,66,1190,-19.40625,-17.734375,3793.375,3522.484375,1.35009765625,-6990.46875,-7325.265625,158,5314,54,1701,W
319,17,73,50,560,-11.265625,2.0625,2243.265625,1261.1875,3.78051757812,-6885.578125,212.71875,147,4788,53,1643,W
242,10,73,57,776,-100.9375,-27.234375,2982.75,2375.765625,11.4169921875,-39385.28125,-13640.109375,144,4636,85,2296,W
52,1,72,67,996,-27.984375,62.609375,4001.328125,3024.640625,19.2912597656,-9906.234375,22718.609375,134,4016,67,1936,W
413,0,77,68,840,-1.953125,37.4375,3616.578125,2182.71875,8.99609375,725.546875,9363.875,139,4223,54,1701,W
133,0,83,75,1193,17.078125,-44.40625,4050.421875,4930.6875,0.165771484375,5191.890625,-45728.6875,166,5614,67,2061,W
260,268,48,51,890,-10.015625,2.234375,2179.609375,3771.609375,-1.04150390625,-4913.421875,1311.453125,88,2811,110,3312,X
196,268,44,52,783,-8.703125,2.125,1529.328125,2834.3125,-0.59521484375,-3583.015625,-27.03125,87,2773,81,2468,X
118,261,58,66,1247,-6.4375,-26.8125,2884.40625,3926.28125,10.4921875,-1901.78125,-16383.65625,77,2612,80,2472,X
325,259,50,60,995,-8.34375,4.546875,2801.65625,3495.484375,-1.69213867188,-4456.21875,1835.765625,90,2874,86,2624,X
45,257,51,63,1371,-2.734375,6.546875,3639.328125,4460.234375,0.335205078125,-915.671875,1589.140625,85,2703,77,2387,X
273,167,45,59,1208,12.9375,8.390625,2278.09375,3930.546875,1.12646484375,3803.0625,2254.078125,81,2571,74,2328,X
202,166,52,60,721,-7.546875,6.21875,1875.171875,2601.5625,-5.78491210938,-4334.765625,2108.1875,92,2929,82,2446,X
120,163,61,66,858,-0.3125,-14.578125,2465.0,2801.703125,9.30126953125,432.4375,-8919.421875,90,2996,84,2709,X
49,163,58,63,896,-12.859375,14.859375,2174.734375,2996.640625,0.8916015625,-5976.203125,3349.453125,91,2932,76,2443,X
363,158,50,68,1328,-12.921875,-1.8125,3296.109375,5114.875,-7.5615234375,-5043.828125,-4315.15625,91,2912,78,2366,X
291,87,43,59,1236,-25.828125,-7.9375,2574.265625,4080.84375,0.05859375,-6440.390625,-4236.8125,78,2499,74,2327,X
347,86,56,63,587,-0.875,-7.3125,1119.3125,1840.6875,13.8271484375,-1463.28125,-3424.78125,86,2757,57,1770,X
110,86,82,74,822,35.1875,-9.171875,2491.9375,2704.734375,20.9343261719,13454.0,-11372.515625,89,2980,81,2845,X
40,86,60,60,835,0.734375,3.03125,1358.265625,2716.28125,16.5319824219,-1343.171875,745.71875,86,2728,56,1733,X
213,82,57,66,1080,12.984375,-2.265625,3099.859375,3732.484375,1.51147460938,5734.921875,-1787.828125,93,2996,88,2747,X
279,17,54,51,561,4.25,-4.84375,1197.75,1684.875,-0.85498046875,1298.0,-3461.96875,85,2762,78,2415,X
204,10,69,57,628,-8.3125,-12.96875,1132.09375,2597.0,12.3330078125,-89.40625,-8207.375,92,3013,102,3098,X
352,3,61,63,869,9.8125,1.375,2417.125,2769.9375,4.51611328125,3923.21875,-1591.0625,91,2922,82,2721,X
45,2,64,64,699,30.0,10.703125,1605.59375,2248.671875,11.3896484375,7572.5625,4291.046875,88,2814,70,2223,X
121,0,63,73,1021,13.625,-31.984375,3440.5,3680.078125,2.6357421875,4613.9375,-16670.640625,100,3301,86,2616,X
492,268,47,51,712,-0.90625,-31.828125,1258.0625,3200.984375,-1.1484375,-1169.40625,-8592.515625,70,2534,83,2567,Y
429,268,43,51,597,5.015625,-49.96875,885.859375,2002.34375,-0.020263671875,2257.546875,-17326.03125,73,2636,47,1431,Y
356,261,57,68,1174,-70.96875,-26.15625,2874.8125,3954.21875,14.5688476562,-13413.375,-246.9375,84,2952,63,1779,Y
553,259,51,60,752,4.34375,-49.265625,1571.84375,2554.796875,-0.574462890625,2223.40625,-15067.640625,74,2690,51,1583,Y
283,257,52,63,1037,-9.125,-68.15625,2080.625,3243.78125,-0.30908203125,-3034.15625,-19960.875,70,2544,49,1519,Y
211,173,44,58,985,-16.171875,-55.625,1618.484375,3116.03125,-0.794921875,-4109.296875,-13604.84375,70,2544,48,1480,Y
143,173,50,58,548,-8.234375,-45.828125,1180.421875,1835.890625,-1.4150390625,-2112.453125,-14576.421875,74,2690,51,1581,Y
67,168,61,65,647,-4.828125,-52.359375,1538.171875,2151.671875,2.36059570312,1245.609375,-14368.734375,73,2626,53,1632,Y
2,166,55,66,719,-26.6875,-40.1875,1602.65625,2544.625,3.83251953125,1420.4375,-11974.84375,76,2731,56,1672,Y
299,164,41,66,1218,74.703125,-75.4375,2780.890625,4561.0625,-13.3466796875,15862.109375,-26686.75,75,2719,60,1947,Y
514,90,43,59,1016,-29.96875,-65.015625,1709.28125,3161.546875,2.27465820312,-4777.1875,-19176.609375,70,2525,50,1485,Y
347,90,73,73,1180,23.890625,-21.953125,3551.390625,3246.171875,17.876953125,11059.765625,-10350.859375,125,4099,119,3729,Y
275,90,55,58,796,-49.28125,-31.390625,1766.71875,2374.734375,17.9851074219,-7055.3125,-8003.703125,73,2633,53,1600,Y
577,89,42,62,814,-15.5625,-40.5625,2268.75,2108.40625,19.0012207031,7096.875,-12796.09375,84,2919,90,2781,Y
440,85,52,65,898,4.5625,-52.875,2015.4375,2887.625,2.26025390625,2515.28125,-17706.75,79,2879,58,1735,Y
213,17,55,64,388,-9.75,-32.6875,771.90625,1326.21875,-0.40869140625,-2579.625,-10281.71875,70,2525,59,1792,Y
149,13,62,56,551,-47.6875,-44.953125,1470.59375,2184.234375,9.05102539062,-9068.6875,-17905.828125,78,2813,81,2256,Y
63,1,63,74,714,-18.65625,-52.25,1942.46875,2357.59375,1.81127929688,-3385.03125,-16395.40625,77,2812,51,1581,Y
0,1,57,74,751,-44.5625,-31.265625,2377.375,2284.015625,15.9313964844,-10443.6875,-7577.390625,78,2771,64,1772,Y
288,0,58,69,670,2.328125,-49.65625,1452.109375,2322.28125,7.59912109375,3391.109375,-16486.1875,71,2551,53,1632,Y
258,268,39,51,918,-4.984375,6.6875,2434.015625,4349.09375,1.51245117188,-1124.171875,2672.0,75,2387,111,3380,Z
192,268,41,52,828,1.28125,7.421875,1752.9375,3783.359375,4.7646484375,1803.0625,1537.140625,67,2126,104,3225,Z
121,261,52,58,1452,8.203125,22.34375,2817.953125,6057.59375,18.35546875,2520.515625,-998.21875,55,1770,94,3024,Z
319,259,45,60,1020,-21.359375,5.953125,2460.546875,5275.609375,9.123046875,-8868.265625,2854.921875,55,1760,113,3404,Z
44,258,55,61,1279,-1.5625,13.15625,2884.8125,6159.09375,12.9868164062,162.78125,6178.71875,51,1632,108,3338,Z
273,168,40,57,1306,5.59375,8.578125,2620.75,6237.890625,12.609375,3073.65625,4096.546875,51,1632,97,3065,Z
201,166,51,60,676,8.703125,28.28125,1615.609375,3676.71875,11.0441894531,3525.734375,15768.25,53,1651,112,3592,Z
118,165,61,62,955,14.296875,4.484375,2402.390625,4493.796875,15.4604492188,5747.484375,-3344.828125,56,1780,117,3759,Z
48,161,55,68,847,1.71875,14.765625,2069.625,3848.296875,13.7080078125,386.65625,1352.671875,56,1813,114,3613,Z
359,157,48,68,1350,-20.09375,38.28125,2685.15625,6135.21875,-0.73095703125,-3592.71875,13310.1875,61,1913,97,2966,Z
285,89,45,56,1313,-9.578125,-6.828125,2622.046875,5883.328125,18.4321289062,-1986.203125,-4282.578125,53,1647,97,3034,Z
42,88,58,57,943,-18.21875,-9.21875,2249.34375,3840.1875,35.3037109375,-6698.0,-9230.5625,55,1734,85,2600,Z
116,87,74,61,1183,83.5625,61.796875,4154.03125,4682.015625,18.4611816406,33975.6875,13688.921875,76,2217,115,3704,Z
344,86,54,59,602,-12.671875,0.953125,1459.609375,2776.734375,25.0070800781,-3277.515625,-2085.359375,59,1827,93,2829,Z
209,83,56,64,999,-14.96875,-3.953125,2664.875,5366.578125,12.9577636719,-3597.15625,-3385.703125,53,1702,124,3823,Z
291,16,66,51,605,-12.234375,20.734375,1644.671875,2903.515625,-2.64184570312,-658.453125,3137.078125,64,1883,109,3173,Z
220,9,63,58,654,0.671875,-9.984375,1513.453125,2408.859375,18.8813476562,-507.265625,-4994.953125,77,2390,108,3377,Z
383,6,70,58,957,-45.015625,-5.78125,2418.265625,4038.375,1.85180664062,-15628.609375,-14044.28125,59,1893,107,3088,Z
50,3,65,63,1031,11.578125,7.640625,2742.078125,4489.765625,28.0290527344,2785.546875,-3987.046875,66,2103,118,3849,Z
129,0,76,72,942,-19.0625,22.0,2493.03125,4665.65625,-2.00439453125,-5278.15625,2401.09375,68,2033,117,3382,Z
